{
  "path": "C:/temp/jacq-suite/data/D1724_P1980",
  "dmin": [
    55,
    60,
    60,
    55,
    60,
    50,
    60,
    60,
    40,
    50,
    45,
    45,
    50,
    50,
    45,
    45
  ],
  "dmax": [
    115,
    120,
    120,
    115,
    120,
    110,
    120,
    120,
    100,
    110,
    105,
    105,
    110,
    110,
    105,
    105
  ],
  "voltage_min": 523,
  "voltage_max": 1365,
  "voltage_switch": 1215,
  "camera_matrix": [
    [
      916.498866809917,
      0.0,
      638.9314661967951
    ],
    [
      0.0,
      918.6130932404071,
      336.9376744897712
    ],
    [
      0.0,
      0.0,
      1.0
    ]
  ],
  "camera_distance": [
    [
      0.10346487504865061,
      -0.2579877063027578,
      -0.0009891832768535124,
      0.002012003519082152,
      0.21128951450725814
    ]
  ]
}